image_id,path,true_label,true_class,pred_label,pred_class,pred_probability,correct,target_class_mode,target_label,target_class,original_path,attention_path,manual_focus_local_detail,manual_focus_bird_body,manual_focus_background,manual_notes
9994,data\raw\CUB_200_2011\images\170.Mourning_Warbler\Mourning_Warbler_0059_795365.jpg,169,170.Mourning_Warbler,169,170.Mourning_Warbler,0.9999960660934448,True,predicted,169,170.Mourning_Warbler,outputs\explainability\swin_attention_phase6\20260823_001810_baseline_swin_tiny_protocol\images\001_correct_image9994_original.jpg,outputs\explainability\swin_attention_phase6\20260823_001810_baseline_swin_tiny_protocol\images\001_correct_image9994_attention.jpg,yes,yes,partial,attention 覆盖头部、胸腹黄色羽毛和翼部，鸟主体证据明确；枝条和背景色块有轻度参与。
11738,data\raw\CUB_200_2011\images\200.Common_Yellowthroat\Common_Yellowthroat_0081_190525.jpg,199,200.Common_Yellowthroat,199,200.Common_Yellowthroat,0.9999938011169434,True,predicted,199,200.Common_Yellowthroat,outputs\explainability\swin_attention_phase6\20260823_001810_baseline_swin_tiny_protocol\images\002_correct_image11738_original.jpg,outputs\explainability\swin_attention_phase6\20260823_001810_baseline_swin_tiny_protocol\images\002_correct_image11738_attention.jpg,yes,yes,yes,attention 覆盖黑色面罩、黄色喉胸和尾部，局部判别线索较清楚；草茎和背景红色区域也明显参与。
979,data\raw\CUB_200_2011\images\018.Spotted_Catbird\Spotted_Catbird_0047_19400.jpg,17,018.Spotted_Catbird,17,018.Spotted_Catbird,0.9999897480010986,True,predicted,17,018.Spotted_Catbird,outputs\explainability\swin_attention_phase6\20260823_001810_baseline_swin_tiny_protocol\images\003_correct_image979_original.jpg,outputs\explainability\swin_attention_phase6\20260823_001810_baseline_swin_tiny_protocol\images\003_correct_image979_attention.jpg,partial,yes,partial,attention 主要覆盖胸腹鳞状羽毛和体侧，头眼区域部分覆盖；暗背景和枝条有轻度参与。
4424,data\raw\CUB_200_2011\images\076.Dark_eyed_Junco\Dark_Eyed_Junco_0115_68840.jpg,75,076.Dark_eyed_Junco,75,076.Dark_eyed_Junco,0.9999862909317017,True,predicted,75,076.Dark_eyed_Junco,outputs\explainability\swin_attention_phase6\20260823_001810_baseline_swin_tiny_protocol\images\004_correct_image4424_original.jpg,outputs\explainability\swin_attention_phase6\20260823_001810_baseline_swin_tiny_protocol\images\004_correct_image4424_attention.jpg,partial,yes,yes,attention 覆盖头胸和腹部羽毛，但松针、枝条和绿色背景响应较强，主体与背景证据混合。
418,data\raw\CUB_200_2011\images\008.Rhinoceros_Auklet\Rhinoceros_Auklet_0012_2161.jpg,7,008.Rhinoceros_Auklet,7,008.Rhinoceros_Auklet,0.9999855756759644,True,predicted,7,008.Rhinoceros_Auklet,outputs\explainability\swin_attention_phase6\20260823_001810_baseline_swin_tiny_protocol\images\005_correct_image418_original.jpg,outputs\explainability\swin_attention_phase6\20260823_001810_baseline_swin_tiny_protocol\images\005_correct_image418_attention.jpg,yes,yes,yes,attention 覆盖头部、喙、翼部白斑和腿部，同时水面背景响应明显，模型利用了鸟体与水面场景共同证据。
11760,data\raw\CUB_200_2011\images\200.Common_Yellowthroat\Common_Yellowthroat_0121_190597.jpg,199,200.Common_Yellowthroat,199,200.Common_Yellowthroat,0.9999821186065674,True,predicted,199,200.Common_Yellowthroat,outputs\explainability\swin_attention_phase6\20260823_001810_baseline_swin_tiny_protocol\images\006_correct_image11760_original.jpg,outputs\explainability\swin_attention_phase6\20260823_001810_baseline_swin_tiny_protocol\images\006_correct_image11760_attention.jpg,partial,yes,yes,attention 覆盖黄色胸腹和体侧，黑色面罩部分覆盖；草茎和穗状植物背景明显参与。
1554,data\raw\CUB_200_2011\images\028.Brown_Creeper\Brown_Creeper_0023_24940.jpg,27,028.Brown_Creeper,27,028.Brown_Creeper,0.9999815225601196,True,predicted,27,028.Brown_Creeper,outputs\explainability\swin_attention_phase6\20260823_001810_baseline_swin_tiny_protocol\images\007_correct_image1554_original.jpg,outputs\explainability\swin_attention_phase6\20260823_001810_baseline_swin_tiny_protocol\images\007_correct_image1554_attention.jpg,partial,partial,yes,attention 在鸟体和树干纹理之间混合，鸟主体只被部分覆盖，树皮背景是很强的响应区域。
4427,data\raw\CUB_200_2011\images\076.Dark_eyed_Junco\Dark_Eyed_Junco_0048_66981.jpg,75,076.Dark_eyed_Junco,75,076.Dark_eyed_Junco,0.9999788999557495,True,predicted,75,076.Dark_eyed_Junco,outputs\explainability\swin_attention_phase6\20260823_001810_baseline_swin_tiny_protocol\images\008_correct_image4427_original.jpg,outputs\explainability\swin_attention_phase6\20260823_001810_baseline_swin_tiny_protocol\images\008_correct_image4427_attention.jpg,partial,yes,partial,attention 集中在胸腹和体侧羽毛，头部和喙覆盖较弱；虚化背景有轻度响应。
4803,data\raw\CUB_200_2011\images\083.White_breasted_Kingfisher\White_Breasted_Kingfisher_0084_73247.jpg,82,083.White_breasted_Kingfisher,82,083.White_breasted_Kingfisher,0.9999700784683228,True,predicted,82,083.White_breasted_Kingfisher,outputs\explainability\swin_attention_phase6\20260823_001810_baseline_swin_tiny_protocol\images\009_correct_image4803_original.jpg,outputs\explainability\swin_attention_phase6\20260823_001810_baseline_swin_tiny_protocol\images\009_correct_image4803_attention.jpg,yes,yes,partial,attention 覆盖红褐色头部、长喙、蓝色翼尾和胸腹区域；枝条及背景色块有轻度参与。
3310,data\raw\CUB_200_2011\images\058.Pigeon_Guillemot\Pigeon_Guillemot_0018_40195.jpg,57,058.Pigeon_Guillemot,57,058.Pigeon_Guillemot,0.9999699592590332,True,predicted,57,058.Pigeon_Guillemot,outputs\explainability\swin_attention_phase6\20260823_001810_baseline_swin_tiny_protocol\images\010_correct_image3310_original.jpg,outputs\explainability\swin_attention_phase6\20260823_001810_baseline_swin_tiny_protocol\images\010_correct_image3310_attention.jpg,yes,yes,partial,attention 覆盖展开翼部白斑、红色腿部和黑色鸟体，水面有一定响应但主体证据占主导。
939,data\raw\CUB_200_2011\images\017.Cardinal\Cardinal_0092_17591.jpg,16,017.Cardinal,16,017.Cardinal,0.9999685287475586,True,predicted,16,017.Cardinal,outputs\explainability\swin_attention_phase6\20260823_001810_baseline_swin_tiny_protocol\images\011_correct_image939_original.jpg,outputs\explainability\swin_attention_phase6\20260823_001810_baseline_swin_tiny_protocol\images\011_correct_image939_attention.jpg,yes,yes,partial,attention 覆盖冠羽、脸部黑色区域、红色胸腹和翼部；笼网背景有轻度参与。
11244,data\raw\CUB_200_2011\images\191.Red_headed_Woodpecker\Red_Headed_Woodpecker_0022_183010.jpg,190,191.Red_headed_Woodpecker,190,191.Red_headed_Woodpecker,0.999962568283081,True,predicted,190,191.Red_headed_Woodpecker,outputs\explainability\swin_attention_phase6\20260823_001810_baseline_swin_tiny_protocol\images\012_correct_image11244_original.jpg,outputs\explainability\swin_attention_phase6\20260823_001810_baseline_swin_tiny_protocol\images\012_correct_image11244_attention.jpg,yes,yes,partial,attention 覆盖红色头部、喙部和黑白体羽，树干枝条有轻度响应。
7652,data\raw\CUB_200_2011\images\131.Vesper_Sparrow\Vesper_Sparrow_0013_109937.jpg,130,131.Vesper_Sparrow,75,076.Dark_eyed_Junco,0.999187171459198,False,predicted,75,076.Dark_eyed_Junco,outputs\explainability\swin_attention_phase6\20260823_001810_baseline_swin_tiny_protocol\images\013_wrong_image7652_original.jpg,outputs\explainability\swin_attention_phase6\20260823_001810_baseline_swin_tiny_protocol\images\013_wrong_image7652_attention.jpg,partial,yes,yes,错误样本中 attention 覆盖灰色鸟体和腹部，但针叶、雪地和背景边缘响应也明显，环境上下文参与较强。
3429,data\raw\CUB_200_2011\images\060.Glaucous_winged_Gull\Glaucous_Winged_Gull_0087_44550.jpg,59,060.Glaucous_winged_Gull,61,062.Herring_Gull,0.9987271428108215,False,predicted,61,062.Herring_Gull,outputs\explainability\swin_attention_phase6\20260823_001810_baseline_swin_tiny_protocol\images\014_wrong_image3429_original.jpg,outputs\explainability\swin_attention_phase6\20260823_001810_baseline_swin_tiny_protocol\images\014_wrong_image3429_attention.jpg,partial,yes,yes,错误样本中 attention 覆盖鸥类头胸和翼部，但水面、岩石边缘和下方背景响应明显，类别混淆伴随场景证据。
6373,data\raw\CUB_200_2011\images\109.American_Redstart\American_Redstart_0087_103371.jpg,108,109.American_Redstart,20,021.Eastern_Towhee,0.997687816619873,False,predicted,20,021.Eastern_Towhee,outputs\explainability\swin_attention_phase6\20260823_001810_baseline_swin_tiny_protocol\images\015_wrong_image6373_original.jpg,outputs\explainability\swin_attention_phase6\20260823_001810_baseline_swin_tiny_protocol\images\015_wrong_image6373_attention.jpg,partial,yes,partial,错误样本中 attention 覆盖橙黑色鸟体和腹部，枝条遮挡区域有轻度响应，局部体色是主要混淆线索。
812,data\raw\CUB_200_2011\images\015.Lazuli_Bunting\Lazuli_Bunting_0045_14954.jpg,14,015.Lazuli_Bunting,13,014.Indigo_Bunting,0.9973540306091309,False,predicted,13,014.Indigo_Bunting,outputs\explainability\swin_attention_phase6\20260823_001810_baseline_swin_tiny_protocol\images\016_wrong_image812_original.jpg,outputs\explainability\swin_attention_phase6\20260823_001810_baseline_swin_tiny_protocol\images\016_wrong_image812_attention.jpg,partial,yes,yes,错误样本中 attention 覆盖蓝色鸟体，但枝条、叶片和遮挡背景大量参与，主体边界与背景证据混合。
6213,data\raw\CUB_200_2011\images\107.Common_Raven\Common_Raven_0072_102443.jpg,106,107.Common_Raven,28,029.American_Crow,0.9973202347755432,False,predicted,28,029.American_Crow,outputs\explainability\swin_attention_phase6\20260823_001810_baseline_swin_tiny_protocol\images\017_wrong_image6213_original.jpg,outputs\explainability\swin_attention_phase6\20260823_001810_baseline_swin_tiny_protocol\images\017_wrong_image6213_attention.jpg,partial,yes,partial,错误样本中 attention 覆盖乌鸦主体和深色羽毛，木桩及周围背景有轻度响应，主要混淆来自相近黑色鸟体外观。
9545,data\raw\CUB_200_2011\images\163.Cape_May_Warbler\Cape_May_Warbler_0088_163149.jpg,162,163.Cape_May_Warbler,173,174.Palm_Warbler,0.9969030022621155,False,predicted,173,174.Palm_Warbler,outputs\explainability\swin_attention_phase6\20260823_001810_baseline_swin_tiny_protocol\images\018_wrong_image9545_original.jpg,outputs\explainability\swin_attention_phase6\20260823_001810_baseline_swin_tiny_protocol\images\018_wrong_image9545_attention.jpg,yes,yes,yes,错误样本中 attention 覆盖头部眉纹、胸腹纵纹和体侧，同时树干、枝条和绿色背景响应强，细节与背景共同参与。
8449,data\raw\CUB_200_2011\images\144.Common_Tern\Common_Tern_0077_149196.jpg,143,144.Common_Tern,145,146.Forsters_Tern,0.9967036843299866,False,predicted,145,146.Forsters_Tern,outputs\explainability\swin_attention_phase6\20260823_001810_baseline_swin_tiny_protocol\images\019_wrong_image8449_original.jpg,outputs\explainability\swin_attention_phase6\20260823_001810_baseline_swin_tiny_protocol\images\019_wrong_image8449_attention.jpg,yes,yes,yes,错误样本中 attention 覆盖黑色头顶、红色喙、胸腹和翼部轮廓，同时岩石和水面背景响应明显，相近燕鸥外观与场景共同导致混淆。
10785,data\raw\CUB_200_2011\images\184.Louisiana_Waterthrush\Louisiana_Waterthrush_0018_177557.jpg,183,184.Louisiana_Waterthrush,182,183.Northern_Waterthrush,0.9961257576942444,False,predicted,182,183.Northern_Waterthrush,outputs\explainability\swin_attention_phase6\20260823_001810_baseline_swin_tiny_protocol\images\020_wrong_image10785_original.jpg,outputs\explainability\swin_attention_phase6\20260823_001810_baseline_swin_tiny_protocol\images\020_wrong_image10785_attention.jpg,partial,yes,partial,错误样本中 attention 主要覆盖胸腹斑纹和体侧，头部局部覆盖；草地和木头边缘有轻度参与。
9358,data\raw\CUB_200_2011\images\160.Black_throated_Blue_Warbler\Black_Throated_Blue_Warbler_0081_161427.jpg,159,160.Black_throated_Blue_Warbler,13,014.Indigo_Bunting,0.995458722114563,False,predicted,13,014.Indigo_Bunting,outputs\explainability\swin_attention_phase6\20260823_001810_baseline_swin_tiny_protocol\images\021_wrong_image9358_original.jpg,outputs\explainability\swin_attention_phase6\20260823_001810_baseline_swin_tiny_protocol\images\021_wrong_image9358_attention.jpg,partial,partial,yes,错误样本中 attention 只部分覆盖蓝黑色鸟体，大面积落在树干、枝条和背景色块上，背景参与较强。
6243,data\raw\CUB_200_2011\images\107.Common_Raven\Common_Raven_0099_102534.jpg,106,107.Common_Raven,28,029.American_Crow,0.9953719973564148,False,predicted,28,029.American_Crow,outputs\explainability\swin_attention_phase6\20260823_001810_baseline_swin_tiny_protocol\images\022_wrong_image6243_original.jpg,outputs\explainability\swin_attention_phase6\20260823_001810_baseline_swin_tiny_protocol\images\022_wrong_image6243_attention.jpg,partial,yes,yes,错误样本中 attention 覆盖黑色鸟体、头颈和胸部，但地面、落叶和后方植被响应明显，背景上下文参与较强。
3824,data\raw\CUB_200_2011\images\066.Western_Gull\Western_Gull_0122_40866.jpg,65,066.Western_Gull,58,059.California_Gull,0.9949637651443481,False,predicted,58,059.California_Gull,outputs\explainability\swin_attention_phase6\20260823_001810_baseline_swin_tiny_protocol\images\023_wrong_image3824_original.jpg,outputs\explainability\swin_attention_phase6\20260823_001810_baseline_swin_tiny_protocol\images\023_wrong_image3824_attention.jpg,partial,yes,yes,错误样本中 attention 覆盖白色头胸和灰色翼部，但沙地背景和右侧区域响应明显，鸥类细粒度差异被背景弱化。
7977,data\raw\CUB_200_2011\images\136.Barn_Swallow\Barn_Swallow_0065_131555.jpg,135,136.Barn_Swallow,136,137.Cliff_Swallow,0.994753360748291,False,predicted,136,137.Cliff_Swallow,outputs\explainability\swin_attention_phase6\20260823_001810_baseline_swin_tiny_protocol\images\024_wrong_image7977_original.jpg,outputs\explainability\swin_attention_phase6\20260823_001810_baseline_swin_tiny_protocol\images\024_wrong_image7977_attention.jpg,yes,yes,yes,错误样本中 attention 覆盖头部、喉部橙色区域和长翼尾，同时天空/虚化背景响应很强，燕类姿态和场景共同参与预测。
